{"cameraMode":{"drawMode":0,"name":"Shaded","section":"Shading Mode"},"sceneLighting":true,"audioPlay":false,"sceneViewState":{"showFog":true,"showMaterialUpdate":false,"showSkybox":true,"showFlares":true,"showImageEffects":true,"showParticleSystems":true,"showVisualEffectGraphs":true,"m_FxEnabled":true},"in2DMode":false,"pivot":{"x":12.858532905578614,"y":-4.298765659332275,"z":38.31717300415039},"rotation":{"x":-0.33000221848487856,"y":0.004811400547623634,"z":-0.0016823956975713373,"w":-0.9439680576324463},"size":378.5345458984375,"orthographic":false}