{"cameraMode":{"drawMode":0,"name":"Shaded","section":"Shading Mode"},"sceneLighting":false,"audioPlay":false,"sceneViewState":{"showFog":true,"showMaterialUpdate":false,"showSkybox":false,"showFlares":true,"showImageEffects":true,"showParticleSystems":true,"showVisualEffectGraphs":true,"m_FxEnabled":true},"in2DMode":false,"pivot":{"x":-0.25047045946121218,"y":0.8309254050254822,"z":-2.453339099884033},"rotation":{"x":-0.0012580263428390027,"y":-0.9931578040122986,"z":0.11673103272914887,"w":-0.003160069463774562},"size":3.5194883346557619,"orthographic":false}