{"cameraMode":{"drawMode":0,"name":"Shaded","section":"Shading Mode"},"sceneLighting":false,"audioPlay":false,"sceneViewState":{"showFog":true,"showMaterialUpdate":false,"showSkybox":false,"showFlares":true,"showImageEffects":true,"showParticleSystems":true,"showVisualEffectGraphs":true,"m_FxEnabled":true},"in2DMode":false,"pivot":{"x":-0.017548799514770509,"y":1.3221310377120972,"z":-2.8708858489990236},"rotation":{"x":0.0005628527142107487,"y":-0.9982579350471497,"z":0.053983282297849658,"w":0.023793930187821389},"size":3.6555674076080324,"orthographic":false}