{"cameraMode":{"drawMode":0,"name":"Shaded","section":"Shading Mode"},"sceneLighting":false,"audioPlay":false,"sceneViewState":{"showFog":true,"showMaterialUpdate":false,"showSkybox":false,"showFlares":true,"showImageEffects":true,"showParticleSystems":true,"showVisualEffectGraphs":true,"m_FxEnabled":true},"in2DMode":false,"pivot":{"x":-0.027459032833576204,"y":2.466146945953369,"z":-2.918694019317627},"rotation":{"x":-0.00459734071046114,"y":0.9974792003631592,"z":0.07071077823638916,"w":-0.0037294672802090647},"size":3.7078075408935549,"orthographic":false}